modelo,partição,acurácia,baseline,macro-F1,recall negativo,recall positivo,vocabulário,ngram,min_df,colunas
referência: sem acento · colapsa esticada · marca CAIXA ALTA · stop protegida,validação,0.9438105975197294,0.7059751972942503,0.9321065229477473,0.8989263803680981,0.9625039923347174,8803.0,,,
acentos: MANTER,validação,0.9437204058624578,0.7059751972942503,0.9319729095135275,0.898159509202454,0.9626956244011498,9084.0,,,
letra esticada: PRESERVAR,validação,0.9442164599774521,0.7059751972942503,0.9325755616442644,0.899079754601227,0.9630150111785372,8827.0,,,
CAIXA ALTA: NÃO marcar,validação,0.9441713641488162,0.7059751972942503,0.9325485394790056,0.8996932515337424,0.9626956244011498,8802.0,,,
stop words: NÃO remover,validação,0.944261555806088,0.7059751972942503,0.932663598982748,0.9,0.9626956244011498,8950.0,,,
stop words: lista NLTK completa (tira 'nao'),validação,0.9356031567080045,0.7059751972942503,0.9219841119671714,0.880521472392638,0.9585435962951134,8793.0,,,
stemming RSLP: APLICAR,validação,0.9413303269447576,0.7059751972942503,0.9290678668961354,0.8937116564417178,0.9611625678696902,4748.0,,,
só TEXTO,validação,0.9438105975197294,0.7059751972942503,0.9321065229477473,0.8989263803680981,0.9625039923347174,8803.0,,,
só TÍTULO,validação,0.942728297632469,0.7059751972942503,0.9294814225737933,0.8661042944785277,0.9746406898754392,1875.0,,,
TÍTULO + TEXTO,validação,0.9635625704622323,0.7059751972942503,0.9561778203645079,0.9404907975460123,0.9731715106994571,9147.0,,,
"TF-IDF ngram=(1, 1) min_df=1",validação,0.9439909808342728,0.7059751972942503,0.9323733959431684,0.9004601226993865,0.9621207282018525,31715.0,"(1, 1)",1.0,
"TF-IDF ngram=(1, 1) min_df=2",validação,0.9437204058624578,0.7059751972942503,0.9319729095135275,0.898159509202454,0.9626956244011498,16254.0,"(1, 1)",2.0,
"TF-IDF ngram=(1, 1) min_df=5",validação,0.9438105975197294,0.7059751972942503,0.9321065229477473,0.8989263803680981,0.9625039923347174,8803.0,"(1, 1)",5.0,
"TF-IDF ngram=(1, 1) min_df=10",validação,0.9443066516347238,0.7059751972942503,0.9327818366660034,0.9016871165644171,0.9620568508463749,5622.0,"(1, 1)",10.0,
"TF-IDF ngram=(1, 1) min_df=20",validação,0.943359639233371,0.7059751972942503,0.9316049244179383,0.8992331288343558,0.9617374640689875,3543.0,"(1, 1)",20.0,
"TF-IDF ngram=(1, 2) min_df=1",validação,0.9489064261555806,0.7059751972942503,0.938444198457505,0.9125766871165644,0.9640370488661769,415753.0,"(1, 2)",1.0,
"TF-IDF ngram=(1, 2) min_df=2",validação,0.9501691093573844,0.7059751972942503,0.939748565955811,0.9085889570552147,0.967486426061961,96604.0,"(1, 2)",2.0,
"TF-IDF ngram=(1, 2) min_df=5",validação,0.9520631341600901,0.7059751972942503,0.9419807082416689,0.910122699386503,0.9695305014372405,29970.0,"(1, 2)",5.0,
"TF-IDF ngram=(1, 2) min_df=10",validação,0.9522435174746336,0.7059751972942503,0.9422567704499583,0.9121165644171779,0.9689556052379431,14623.0,"(1, 2)",10.0,
"TF-IDF ngram=(1, 2) min_df=20",validação,0.9511161217587373,0.7059751972942503,0.9409016552129147,0.9104294478527607,0.9680613222612584,7463.0,"(1, 2)",20.0,
"TF-IDF ngram=(1, 3) min_df=5",validação,0.9526944757609921,0.7059751972942503,0.942781263411655,0.9122699386503067,0.9695305014372405,38922.0,"(1, 3)",5.0,
"TF-IDF ngram=(1, 3) min_df=10",validação,0.9525140924464487,0.7059751972942503,0.9425995418356763,0.9130368098159509,0.9689556052379431,17808.0,"(1, 3)",10.0,
"TF-IDF ngram=(1, 3) min_df=20",validação,0.9512514092446449,0.7059751972942503,0.9410998971254594,0.9116564417177914,0.967741935483871,8663.0,"(1, 3)",20.0,
"TF-IDF (1, 2) min_df=10 + reg. logística",teste,0.9529199549041714,0.7059751972942503,0.9430927223815087,0.9138036809815951,0.9692111146598531,,,,18913.0
Word2Vec (média) + reg. logística,teste,0.9353325817361894,0.7059751972942503,0.9221083336605871,0.8898773006134969,0.9542638134781221,,,,100.0
Léxico da equipe (empate → maioria),teste,0.8604735062006764,0.7059751972942503,0.8096655108499906,0.5846625766871165,0.9753433407856915,,,,99.0
"TF-IDF (1, 2) + Naive Bayes multinomial",teste,0.9433145434047351,0.7059751972942503,0.9322659206570292,0.9173312883435583,0.954136058767167,,,,18913.0
vazamento · sem título (só TEXTO),teste,0.9529199549041714,0.7059751972942503,0.9430927223815087,0.9138036809815951,0.9692111146598531,,,,18913.0
vazamento · com título (TÍTULO + TEXTO),teste,0.9699210822998873,0.7059751972942503,0.9637456924352326,0.9475460122699386,0.979239859469818,,,,20923.0
vazamento · só TÍTULO,teste,0.9451183765501691,0.7059751972942503,0.9322378651449206,0.86579754601227,0.9781539444267008,,,,2432.0
